{"chrome://browser/content/browser.xul":{"main-window":{"screenX":"67","screenY":"27","width":"1280","height":"818","sizemode":"maximized"},"PersonalToolbar":{"collapsed":"false","currentset":"personal-bookmarks"},"toolbar-menubar":{"currentset":"menubar-items","autohide":"true"},"TabsToolbar":{"currentset":"tabbrowser-tabs,new-tab-button,alltabs-button"},"nav-bar":{"currentset":"back-button,forward-button,stop-reload-button,home-button,customizableui-special-spring1,urlbar-container,customizableui-special-spring2,downloads-button,bookmarks-menu-button,library-button,preferences-button,_d10d0bf8-f5b5-c8b4-a8b2-2b9879e08c5d_-browser-action,privatebrowsing-button,fullscreen-button"},"sidebar-title":{"value":"Bookmarks"}},"chrome://browser/content/places/places.xul":{"placesContentTags":{"ordinal":"3"},"placesContentUrl":{"ordinal":"5"},"placesContentDate":{"ordinal":"7"},"placesContentVisitCount":{"ordinal":"9"},"placesContentDescription":{"ordinal":"11"},"placesContentDateAdded":{"ordinal":"13"},"placesContentLastModified":{"ordinal":"15"},"places":{"screenX":"105","screenY":"65","width":"700","height":"500","sizemode":"normal"}}}